country,iso3,species,species_id,source_id,,,,,,,,
Åland Islands,ALA,Zostera subg. Zostera marina,54,1,,,,,,,,
Åland Islands,ALA,Ruppia maritima,60,1,,,,,,,,
Åland Islands,ALA,Ruppia filifolia,61,1,,,,,,,,
Albania,ALB,Posidonia oceanica,38,1,,,,,,,,
Algeria,DZA,Posidonia oceanica,38,1,,,,,,,,
Algeria,DZA,Zostera subg. Zostera marina,54,1,,,,,,,,
Algeria,DZA,Zostera noltei,57,1,,,,,,,,
American Samoa,ASM,Halophila minor,22,1,,,,,,,,
American Samoa,ASM,Halophila ovalis,23,1,,,,,,,,
Angola,AGO,Cymodocea nodosa,4,1,,,,,,,,
Angola,AGO,Halodule wrightii,13,1,,,,,,,,
Anguilla,AIA,Syringodium filiforme,42,1,,,,,,,,
Anguilla,AIA,Thalassia testudinum,45,1,,,,,,,,
Antigua and Barbuda,ATG,Halodule wrightii,13,1,,,,,,,,
Antigua and Barbuda,ATG,Syringodium filiforme,42,1,,,,,,,,
Antigua and Barbuda,ATG,Thalassia testudinum,45,1,,,,,,,,
Argentina,ARG,Ruppia maritima,60,1,,,,,,,,
Argentina,ARG,Ruppia filifolia,61,90,,,,,,,,
Aruba,ABW,Thalassia testudinum,45,1,,,,,,,,
Australia,AUS,Amphibolis antarctica,1,1,,,,,,,,
Australia,AUS,Amphibolis griffithii,2,1,,,,,,,,
Australia,AUS,Cymodocea angustata,3,1,,,,,,,,
Australia,AUS,Cymodocea rotundata,5,1,,,,,,,,
Australia,AUS,Cymodocea serrulata,6,1,,,,,,,,
Australia,AUS,Enhalus acoroides,7,1,,,,,,,,
Australia,AUS,Halodule pinifolia,11,1,,,,,,,,
Australia,AUS,Halodule uninervis,12,1,,,,,,,,
Australia,AUS,Halophila australis,14,1,,,,,,,,
Australia,AUS,Halophila capricorni,17,1,,,,,,,,
Australia,AUS,Halophila decipiens,18,1,,,,,,,,
Australia,AUS,Halophila minor,22,1,,,,,,,,
Australia,AUS,Halophila ovalis,23,1,,,,,,,,
Australia,AUS,Halophila ovata,24,1,,,,,,,,
Australia,AUS,Halophila spinulosa,25,1,,,,,,,,
Australia,AUS,Halophila tricostata,27,1,,,,,,,,
Australia,AUS,Posidonia angustifolia,33,1,,,,,,,,
Australia,AUS,Posidonia australis,34,1,,,,,,,,
Australia,AUS,Posidonia ostenfeldii,35,1,,,,,,,,
Australia,AUS,Posidonia denhartogii,36,1,,,,,,,,
Australia,AUS,Posidonia kirkmannii,37,1,,,,,,,,
Australia,AUS,Posidonia ostenfeldii,39,1,,,,,,,,
Australia,AUS,Posidonia ostenfeldii,40,1,,,,,,,,
Australia,AUS,Posidonia sinuosa,41,1,,,,,,,,
Australia,AUS,Syringodium isoetifolium,43,1,,,,,,,,
Australia,AUS,Thalassia hemprichii,44,1,,,,,,,,
Australia,AUS,Thalassodendron ciliatum,46,1,,,,,,,,
Australia,AUS,Thalassodendron pachyrizum,47,1,,,,,,,,
Australia,AUS,Zostera muelleri subsp. capricorni,51,1,,,,,,,,
Australia,AUS,Zostera muelleri subsp. mucronata,55,1,,,,,,,,
Australia,AUS,Zostera muelleri,56,1,,,,,,,,
Australia,AUS,Zostera tasmanica,59,1,,,,,,,,
Australia,AUS,Ruppia megacarpa,63,90,,,,,,,,
Australia,AUS,Ruppia tuberosa,64,90,,,,,,,,
Azerbaijan,AZE,Zostera noltei,57,1,,,,,,,,
Bahamas,BHS,Halodule wrightii,13,1,,,,,,,,
Bahamas,BHS,Syringodium filiforme,42,1,,,,,,,,
Bahamas,BHS,Thalassia testudinum,45,1,,,,,,,,
Bahrain,BHR,Halodule uninervis,12,1,,,,,,,,
Bahrain,BHR,Halophila ovalis,23,1,,,,,,,,
Bahrain,BHR,Halophila stipulacea,26,1,,,,,,,,
Bangladesh,BGD,Halodule uninervis,12,1,,,,,,,,
Bangladesh,BGD,Halophila beccarii,16,1,,,,,,,,
Barbados,BRB,Halodule beaudettei,8,1,,,,,,,,
Barbados,BRB,Halodule wrightii,13,1,,,,,,,,
Barbados,BRB,Halophila decipiens,18,1,,,,,,,,
Barbados,BRB,Syringodium filiforme,42,1,,,,,,,,
Barbados,BRB,Thalassia testudinum,45,1,,,,,,,,
Belize,BLZ,Halodule beaudettei,8,1,,,,,,,,
Belize,BLZ,Halodule wrightii,13,1,,,,,,,,
Belize,BLZ,Syringodium filiforme,42,1,,,,,,,,
Belize,BLZ,Thalassia testudinum,45,1,,,,,,,,
Benin,BEN,Halodule wrightii,13,1,,,,,,,,
Bermuda,BMU,Halodule bermudensis,9,1,,,,,,,,
Bermuda,BMU,Syringodium filiforme,42,1,,,,,,,,
Bermuda,BMU,Thalassia testudinum,45,1,,,,,,,,
"Bonaire, Sint Eustatius, and Saba",BES,Halophila baillonis,15,1,,,,,,,,
"Bonaire, Sint Eustatius, and Saba",BES,Halophila decipiens,18,1,,,,,,,,
"Bonaire, Sint Eustatius, and Saba",BES,Syringodium filiforme,42,1,,,,,,,,
"Bonaire, Sint Eustatius, and Saba",BES,Thalassia testudinum,45,1,,,,,,,,
Brazil,BRA,Halodule emarginata,10,1,,,,,,,,
Brazil,BRA,Halodule wrightii,13,1,,,,,,,,
Brazil,BRA,Halophila baillonis,15,1,,,,,,,,
Brazil,BRA,Halophila decipiens,18,1,,,,,,,,
Brazil,BRA,Ruppia maritima,60,1,,,,,,,,
British Indian Ocean Territory,IOT,Halophila decipiens,18,1,,,,,,,,
British Indian Ocean Territory,IOT,Thalassodendron ciliatum,46,1,,,,,,,,
British military base in Cyprus,GBRX,Cymodocea nodosa,4,1,,,,,,,,
British military base in Cyprus,GBRX,Halophila stipulacea,26,1,,,,,,,,
British military base in Cyprus,GBRX,Posidonia oceanica,38,1,,,,,,,,
British Virgin Islands,VGB,Thalassia testudinum,45,1,,, ,,,,,
British Virgin Islands,VGB,Syringodium filiforme,42,1,,,,,,,,
Brunei Darussalam,BRN,Enhalus acoroides,7,1,,,,,,,,
Brunei Darussalam,BRN,Halophila ovalis,23,1,,,,,,,,
Brunei Darussalam,BRN,Halophila spinulosa,25,1,,,,,,,,
Brunei Darussalam,BRN,Thalassia hemprichii,44,1,,,,,,,,
Bulgaria,BGR,Cymodocea nodosa,4,1,,,,,,,,
Bulgaria,BGR,Zostera subg. Zostera marina,54,1,,,,,,,,
Bulgaria,BGR,Zostera noltei,57,1,,,,,,,,
Cabo Verde,CPV,Halodule wrightii,13,1,,,,,,,,
Cambodia,KHM,Enhalus acoroides,7,1,,,,,,,,
Cambodia,KHM,Halodule uninervis,12,1,,,,,,,,
Canada,CAN,Phyllospadix scouleri,30,1,,,,,,,,
Canada,CAN,Phyllospadix serrulatus,31,1,,,,,,,,
Canada,CAN,Phyllospadix torreyi,32,1,,,,,,,,
Canada,CAN,Zostera japonica,53,1,,,,,,,,
Canada,CAN,Zostera subg. Zostera marina,54,1,,,,,,,,
Cayman Islands,CYM,Syringodium filiforme,42,1,,,,,,,,
Cayman Islands,CYM,Thalassia testudinum,45,1,,,,,,,,
Chile,CHL,Zostera tasmanica,59,1,,,,,,,,
Chile,CHL,Ruppia filifolia,61,1,,,,,,,,
Chile,CHL,Ruppia filifolia,61,90,,,,,,,,
China,CHN,Cymodocea rotundata,5,1,,,,,,,,
China,CHN,Halodule uninervis,12,1,,,,,,,,
China,CHN,Halophila beccarii,16,1,,,,,,,,
China,CHN,Halophila decipiens,18,1,,,,,,,,
China,CHN,Halophila ovalis,23,1,,,,,,,,
China,CHN,Halophila ovata,24,1,,,,,,,,
China,CHN,Phyllospadix iwatensis,28,1,,,,,,,,
China,CHN,Syringodium isoetifolium,43,1,,,,,,,,
China,CHN,Thalassia hemprichii,44,1,,,,,,,,
China,CHN,Zostera asiatica,48,1,,,,,,,,
China,CHN,Zostera japonica,53,1,,,,,,,,
China,CHN,Zostera subg. Zostera marina,54,1,,,,,,,,
Cocos (Keeling) Islands,CCK,Thalassia hemprichii,44,1,,,,,,,,
Cocos (Keeling) Islands,CCK,Syringodium isoetifolium,43,1,,,,,,,,
Cocos (Keeling) Islands,CCK,Thalassodendron ciliatum,46,1,,,,,,,,
Colombia,COL,Halodule wrightii,13,1,,,,,,,,
Colombia,COL,Halophila baillonis,15,1,,,,,,,,
Colombia,COL,Halophila decipiens,18,1,,,,,,,,
Colombia,COL,Syringodium filiforme,42,1,,,,,,,,
Colombia,COL,Thalassia testudinum,45,1,,,,,,,,
Comoros,COM,Cymodocea serrulata,6,1,,,,,,,,
Comoros,COM,Halodule uninervis,12,1,,,,,,,,
Comoros,COM,Halophila ovalis,23,1,,,,,,,,
Comoros,COM,Halophila stipulacea,26,1,,,,,,,,
Comoros,COM,Syringodium isoetifolium,43,1,,,,,,,,
Comoros,COM,Thalassodendron ciliatum,46,1,,,,,,,,
Costa Rica,CRI,Halodule wrightii,13,1,,,,,,,,
Costa Rica,CRI,Halophila decipiens,18,1,,,,,,,,
Costa Rica,CRI,Syringodium filiforme,42,1,,,,,,,,
Costa Rica,CRI,Thalassia testudinum,45,1,,,,,,,,
Croatia,HRV,Cymodocea nodosa,4,1,,,,,,,,
Croatia,HRV,Posidonia oceanica,38,1,,,,,,,,
Croatia,HRV,Zostera noltei,57,1,,,,,,,,
Cuba,CUB,Halodule wrightii,13,1,,,,,,,,
Cuba,CUB,Halophila engelmannii,19,1,,,,,,,,
Cuba,CUB,Halophila decipiens,18,1,,,,,,,,
Cuba,CUB,Syringodium filiforme,42,1,,,,,,,,
Cuba,CUB,Thalassia testudinum,45,1,,,,,,,,
Curaçao,CUW,Thalassia testudinum,45,1,,,,,,,,
Cyprus,CYP,Cymodocea nodosa,4,1,,,,,,,,
Cyprus,CYP,Halophila stipulacea,26,1,,,,,,,,
Cyprus,CYP,Posidonia oceanica,38,1,,,,,,,,
Denmark,DNK,Zostera subg. Zostera marina,54,1,,,,,,,,
Denmark,DNK,Zostera noltei,57,1,,,,,,,,
Denmark,DNK,Ruppia cirrhosa,62,90,,,,,,,,
Dominica,DMA,Halodule wrightii,13,1,,,,,,,,
Dominica,DMA,Halophila decipiens,18,1,,,,,,,,
Dominica,DMA,Halophila stipulacea,26,1,,,,,,,,
Dominica,DMA,Syringodium filiforme,42,1,,,,,,,,
Dominica,DMA,Thalassia testudinum,45,1,,,,,,,,
Dominican Republic,DOM,Halodule wrightii,13,1,,,,,,,,
Dominican Republic,DOM,Halophila decipiens,18,1,,,,,,,,
Dominican Republic,DOM,Syringodium filiforme,42,1,,,,,,,,
Dominican Republic,DOM,Syringodium isoetifolium,43,1,,,,,,,,
Dominican Republic,DOM,Thalassia testudinum,45,1,,,,,,,,
Egypt,EGY,Cymodocea nodosa,4,1,,,,,,,,
Egypt,EGY,Cymodocea rotundata,5,1,,,,,,,,
Egypt,EGY,Cymodocea serrulata,6,1,,,,,,,,
Egypt,EGY,Halodule uninervis,12,1,,,,,,,,
Egypt,EGY,Halophila decipiens,18,1,,,,,,,,
Egypt,EGY,Halophila ovalis,23,1,,,,,,,,
Egypt,EGY,Halophila ovata,24,1,,,,,,,,
Egypt,EGY,Halophila stipulacea,26,1,,,,,,,,
Egypt,EGY,Posidonia oceanica,38,1,,,,,,,,
Egypt,EGY,Syringodium isoetifolium,43,1,,,,,,,,
Egypt,EGY,Thalassia hemprichii,44,1,,,,,,,,
Egypt,EGY,Thalassodendron ciliatum,46,1,,,,,,,,
Eritrea,ERI,Halophila ovalis,23,1,,,,,,,,
Eritrea,ERI,Halophila stipulacea,26,1,,,,,,,,
Eritrea,ERI,Thalassia hemprichii,44,1,,,,,,,,
Estonia,EST,Zostera subg. Zostera marina,54,1,,,,,,,,
Falkland Islands,EST,Ruppia filifolia,61,90,,,,,,,,
Fiji,FJI,Halodule pinifolia,11,1,,,,,,,,
Fiji,FJI,Halodule uninervis,12,1,,,,,,,,
Fiji,FJI,Halophila minor,22,1,,,,,,,,
Fiji,FJI,Halophila ovalis,23,1,,,,,,,,
Fiji,FJI,Halophila ovata,24,1,,,,,,,,
Fiji,FJI,Syringodium isoetifolium,43,1,,,,,,,,
Finland,FIN,Zostera subg. Zostera marina,54,1,,,,,,,,
France,FRA,Cymodocea nodosa,4,1,,,,,,,,
France,FRA,Posidonia oceanica,38,1,,,,,,,,
France,FRA,Zostera subg. Zostera marina,54,1,,,,,,,,
France,FRA,Zostera noltei,57,1,,,,,,,,
France,FRA,Ruppia cirrhosa,62,90,,,,,,,,
French Polynesia,PYF,Halophila decipiens,18,1,,,,,,,,
French Polynesia,PYF,Halophila ovalis,23,1,,,,,,,,
Germany,DEU,Zostera subg. Zostera marina,54,1,,,,,,,,
Germany,DEU,Zostera noltei,57,1,,,,,,,,
Ghana,GHA,Ruppia maritima,60,1,,,,,,,,
Gibraltar,GIB,Posidonia oceanica,38,1,,,,,,,,
Gibraltar,GIB,Zostera subg. Zostera marina,54,1,,,,,,,,
Greece,GRC,Cymodocea nodosa,4,1,,,,,,,,
Greece,GRC,Halophila stipulacea,26,1,,,,,,,,
Greece,GRC,Posidonia oceanica,38,1,,,,,,,,
Greece,GRC,Zostera subg. Zostera marina,54,1,,,,,,,,
Greece,GRC,Zostera noltei,57,1,,,,,,,,
Greenland,GRL,Zostera subg. Zostera marina,54,1,,,,,,,,
Grenada,GRD,Halophila decipiens,18,1,,,,,,,,
Grenada,GRD,Thalassia testudinum,45,1,,,,,,,,
Guadeloupe,GLP,Halodule wrightii,13,1,,,,,,,,
Guadeloupe,GLP,Halophila baillonis,15,1,,,,,,,,
Guadeloupe,GLP,Halophila decipiens,18,1,,,,,,,,
Guadeloupe,GLP,Syringodium filiforme,42,1,,,,,,,,
Guadeloupe,GLP,Thalassia testudinum,45,1,,,,,,,,
Guatemala,GTM,Halodule wrightii,13,1,,,,,,,,
Guatemala,GTM,Thalassia testudinum,45,1,,,,,,,,
Guinea-Bissau,GNB,Halodule wrightii,13,1,,,,,,,,
Haiti,HTI,Halodule wrightii,13,1,,,,,,,,
Haiti,HTI,Syringodium filiforme,42,1,,,,,,,,
Haiti,HTI,Thalassia testudinum,45,1,,,,,,,,
Honduras,HND,Halodule wrightii,13,1,,,,,,,,
Honduras,HND,Thalassia testudinum,45,1,,,,,,,,
"Hong Kong Special Administrative Region of China, the",HKG,Halophila beccarii,16,1,,,,,,,,
"Hong Kong Special Administrative Region of China, the",HKG,Halophila ovata,24,1,,,,,,,,
"Hong Kong Special Administrative Region of China, the",HKG,Zostera japonica,53,1,,,,,,,,
"Hong Kong Special Administrative Region of China, the",HKG,Ruppia maritima,60,1,,,,,,,,
Iceland,ISL,Zostera subg. Zostera marina,54,1,,,,,,,,
India,IND,Cymodocea rotundata,5,1,,,,,,,,
India,IND,Cymodocea serrulata,6,1,,,,,,,,
India,IND,Enhalus acoroides,7,1,,,,,,,,
India,IND,Halodule pinifolia,11,1,,,,,,,,
India,IND,Halodule uninervis,12,1,,,,,,,,
India,IND,Halodule wrightii,13,1,,,,,,,,
India,IND,Halophila beccarii,16,1,,,,,,,,
India,IND,Halophila decipiens,18,1,,,,,,,,
India,IND,Halophila ovalis,23,1,,,,,,,,
India,IND,Halophila ovata,24,1,,,,,,,,
India,IND,Halophila stipulacea,26,1,,,,,,,,
India,IND,Syringodium isoetifolium,43,1,,,,,,,,
Indonesia,IDN,Cymodocea rotundata,5,1,,,,,,,,
Indonesia,IDN,Cymodocea serrulata,6,1,,,,,,,,
Indonesia,IDN,Enhalus acoroides,7,1,,,,,,,,
Indonesia,IDN,Halodule pinifolia,11,1,,,,,,,,
Indonesia,IDN,Halodule uninervis,12,1,,,,,,,,
Indonesia,IDN,Halophila decipiens,18,1,,,,,,,,
Indonesia,IDN,Halophila minor,22,1,,,,,,,,
Indonesia,IDN,Halophila ovalis,23,1,,,,,,,,
Indonesia,IDN,Halophila spinulosa,25,1,,,,,,,,
Indonesia,IDN,Syringodium isoetifolium,43,1,,,,,,,,
Indonesia,IDN,Thalassia hemprichii,44,1,,,,,,,,
Indonesia,IDN,Thalassodendron ciliatum,46,1,,,,,,,,
Indonesia,IDN,Thalassia hemprichii,44,1,,,,,,,,
Indonesia,IDN,Thalassodendron ciliatum,46,1,,,,,,,,
Iran (Islamic Republic Of),IRN,Halodule uninervis,12,1,,,,,,,,
Iran (Islamic Republic Of),IRN,Halophila ovalis,23,1,,,,,,,,
Ireland,IRL,Zostera subg. Zostera marina,54,1,,,,,,,,
Ireland,IRL,Zostera noltei,57,1,,,,,,,,
Ireland,IRL,Ruppia cirrhosa,62,90,,,,,,,,
Israel,ISR,Cymodocea nodosa,4,1,,,,,,,,
Israel,ISR,Halodule uninervis,12,1,,,,,,,,
Israel,ISR,Halophila ovalis,23,1,,,,,,,,
Israel,ISR,Halophila stipulacea,26,1,,,,,,,,
Israel,ISR,Posidonia oceanica,38,1,,,,,,,,
Israel,ISR,Zostera noltei,57,1,,,,,,,,
Italy,ITA,Cymodocea nodosa,4,1,,,,,,,,
Italy,ITA,Halophila stipulacea,26,1,,,,,,,,
Italy,ITA,Posidonia oceanica,38,1,,,,,,,,
Italy,ITA,Zostera subg. Zostera marina,54,1,,,,,,,,
Italy,ITA,Zostera noltei,57,1,,,,,,,,
Italy,ITA,Ruppia cirrhosa,62,90,,,,,,,,
Jamaica,JAM,Halodule wrightii,13,1,,,,,,,,
Jamaica,JAM,Halophila decipiens,18,1,,,,,,,,
Jamaica,JAM,Syringodium filiforme,42,1,,,,,,,,
Jamaica,JAM,Thalassia testudinum,45,1,,,,,,,,
Jersey,JEY,Zostera subg. Zostera marina,54,1,,,,,,,,
Jordan,JOR,Halodule uninervis,12,1,,,,,,,,
Jordan,JOR,Halophila ovalis,23,1,,,,,,,,
Jordan,JOR,Halophila stipulacea,26,1,,,,,,,,
Jordan,JOR,Thalassodendron ciliatum,46,1,,,,,,,,
Kazakhstan,KAZ,Zostera noltei,57,1,,,,,,,,
Kenya,KEN,Cymodocea rotundata,5,1,,,,,,,,
Kenya,KEN,Cymodocea serrulata,6,1,,,,,,,,
Kenya,KEN,Enhalus acoroides,7,1,,,,,,,,
Kenya,KEN,Halodule uninervis,12,1,,,,,,,,
Kenya,KEN,Halodule wrightii,13,1,,,,,,,,
Kenya,KEN,Halophila minor,22,1,,,,,,,,
Kenya,KEN,Halophila ovalis,23,1,,,,,,,,
Kenya,KEN,Halophila stipulacea,26,1,,,,,,,,
Kenya,KEN,Syringodium isoetifolium,43,1,,,,,,,,
Kenya,KEN,Thalassia hemprichii,44,1,,,,,,,,
Kenya,KEN,Thalassodendron ciliatum,46,1,,,,,,,,
Kenya,KEN,Zostera (Zosterella) capensis,50,1,,,,,,,,
Kiribati,KIR,Thalassia hemprichii,44,1,,,,,,,,
"Korea, Democratic People's Republic Of",PRK,Phyllospadix iwatensis,28,1,,,,,,,,
"Korea, Democratic People's Republic Of",PRK,Zostera asiatica,48,1,,,,,,,,
"Korea, Democratic People's Republic Of",PRK,Zostera caespitosa,49,1,,,,,,,,
"Korea, Democratic People's Republic Of",PRK,Zostera japonica,53,1,,,,,,,,
"Korea, Democratic People's Republic Of",PRK,Zostera subg. Zostera marina,54,1,,,,,,,,
"Korea, Republic Of",KOR,Phyllospadix iwatensis,28,1,,,,,,,,
"Korea, Republic Of",KOR,Phyllospadix japonicus,29,1,,,,,,,,
"Korea, Republic Of",KOR,Zostera asiatica,48,1,,,,,,,,
"Korea, Republic Of",KOR,Zostera caespitosa,49,1,,,,,,,,
"Korea, Republic Of",KOR,Zostera caulescens,52,1,,,,,,,,
"Korea, Republic Of",KOR,Zostera japonica,53,1,,,,,,,,
"Korea, Republic Of",KOR,Zostera subg. Zostera marina,54,1,,,,,,,,
Kuwait,KWT,Halodule uninervis,12,1,,,,,,,,
Kuwait,KWT,Halophila ovalis,23,1,,,,,,,,
Latvia,LVA,Zostera subg. Zostera marina,54,1,,,,,,,,
Lebanon,LBN,Cymodocea nodosa,4,1,,,,,,,,
Lebanon,LBN,Halophila stipulacea,26,1,,,,,,,,
Libya,LBY,Cymodocea nodosa,4,1,,,,,,,,
Libya,LBY,Posidonia oceanica,38,1,,,,,,,,
Libya,LBY,Zostera subg. Zostera marina,54,1,,,,,,,,
Lithuania,LTU,Zostera subg. Zostera marina,54,1,,,,,,,,
Madagascar,MDG,Cymodocea rotundata,5,1,,,,,,,,
Madagascar,MDG,Cymodocea serrulata,6,1,,,,,,,,
Madagascar,MDG,Enhalus acoroides,7,1,,,,,,,,
Madagascar,MDG,Halodule beaudettei,8,1,,,,,,,,
Madagascar,MDG,Halodule uninervis,12,1,,,,,,,,
Madagascar,MDG,Halodule wrightii,13,1,,,,,,,,
Madagascar,MDG,Halophila ovalis,23,1,,,,,,,,
Madagascar,MDG,Halophila stipulacea,26,1,,,,,,,,
Madagascar,MDG,Syringodium isoetifolium,43,1,,,,,,,,
Madagascar,MDG,Thalassia hemprichii,44,1,,,,,,,,
Madagascar,MDG,Thalassodendron ciliatum,46,1,,,,,,,,
Madagascar,MDG,Zostera (Zosterella) capensis,50,1,,,,,,,,
Malaysia,MYS,Cymodocea rotundata,5,1,,,,,,,,
Malaysia,MYS,Cymodocea serrulata,6,1,,,,,,,,
Malaysia,MYS,Enhalus acoroides,7,1,,,,,,,,
Malaysia,MYS,Halodule pinifolia,11,1,,,,,,,,
Malaysia,MYS,Halodule uninervis,12,1,,,,,,,,
Malaysia,MYS,Halophila beccarii,16,1,,,,,,,,
Malaysia,MYS,Halophila decipiens,18,1,,,,,,,,
Malaysia,MYS,Halophila minor,22,1,,,,,,,,
Malaysia,MYS,Halophila ovalis,23,1,,,,,,,,
Malaysia,MYS,Halophila spinulosa,25,1,,,,,,,,
Malaysia,MYS,Syringodium isoetifolium,43,1,,,,,,,,
Malaysia,MYS,Thalassia hemprichii,44,1,,,,,,,,
Maldives,MDV,Syringodium isoetifolium,43,1,,,,,,,,
Maldives,MDV,Thalassia hemprichii,44,1,,,,,,,,
Maldives,MDV,Thalassodendron ciliatum,46,1,,,,,,,,
Malta,MLT,Posidonia oceanica,38,1,,,,,,,,
Marshall Islands,MHL,Cymodocea rotundata,5,1,,,,,,,,
Marshall Islands,MHL,Thalassia hemprichii,44,1,,,,,,,,
Martinique,MTQ,Zostera subg. Zostera marina,54,1,,,,,,,,
Martinique,MTQ,Syringodium filiforme,42,1,,,,,,,,
Martinique,MTQ,Thalassia testudinum,45,1,,,,,,,,
Martinique,MTQ,Halophila baillonis,15,1,,,,,,,,
Martinique,MTQ,Halophila stipulacea,26,1,,,,,,,,
Martinique,MTQ,Halophila decipiens,18,1,,,,,,,,
Martinique,MTQ,Halodule beaudettei,8,1,,,,,,,,
Martinique,MTQ,Halodule wrightii,13,1,,,,,,,,
Mauritania,MRT,Cymodocea nodosa,4,1,,,,,,,,
Mauritania,MRT,Halodule wrightii,13,1,,,,,,,,
Mauritania,MRT,Zostera noltei,57,1,,,,,,,,
Mauritius,MUS,Halodule uninervis,12,1,,,,,,,,
Mauritius,MUS,Halophila decipiens,18,1,,,,,,,,
Mauritius,MUS,Halophila ovalis,23,1,,,,,,,,
Mauritius,MUS,Halophila stipulacea,26,1,,,,,,,,
Mauritius,MUS,Syringodium isoetifolium,43,1,,,,,,,,
Mauritius,MUS,Thalassia hemprichii,44,1,,,,,,,,
Mauritius,MUS,Thalassodendron ciliatum,46,1,,,,,,,,
Mayotte,MYT,Cymodocea rotundata,5,1,,,,,,,,
Mayotte,MYT,Cymodocea serrulata,6,1,,,,,,,,
Mayotte,MYT,Thalassodendron ciliatum,46,1,,,,,,,,
Mayotte,MYT,Zostera (Zosterella) capensis,50,1,,,,,,,,
Mayotte,MYT,Halodule uninervis,12,1,,,,,,,,
Mayotte,MYT,Halodule wrightii,13,1,,,,,,,,
Mayotte,MYT,Syringodium isoetifolium,43,1,,,,,,,,
Mayotte,MYT,Thalassia hemprichii,44,1,,,,,,,,
Mayotte,MYT,Enhalus acoroides,7,1,,,,,,,,
Mayotte,MYT,Halophila ovalis,23,1,,,,,,,,
Mayotte,MYT,Halophila stipulacea,26,1,,,,,,,,
Mexico,MEX,Halodule wrightii,13,1,,,,,,,,
Mexico,MEX,Halophila decipiens,18,1,,,,,,,,
Mexico,MEX,Halophila engelmannii,19,1,,,,,,,,
Mexico,MEX,Phyllospadix scouleri,30,1,,,,,,,,
Mexico,MEX,Phyllospadix torreyi,32,1,,,,,,,,
Mexico,MEX,Syringodium filiforme,42,1,,,,,,,,
Mexico,MEX,Thalassia testudinum,45,1,,,,,,,,
Mexico,MEX,Zostera subg. Zostera marina,54,1,,,,,,,,
"Micronesia, Federated States of",FSM,Cymodocea rotundata,5,1,,,,,,,,
"Micronesia, Federated States of",FSM,Cymodocea serrulata,6,1,,,,,,,,
"Micronesia, Federated States of",FSM,Enhalus acoroides,7,1,,,,,,,,
"Micronesia, Federated States of",FSM,Halodule pinifolia,11,1,,,,,,,,
"Micronesia, Federated States of",FSM,Halodule uninervis,12,1,,,,,,,,
"Micronesia, Federated States of",FSM,Halophila minor,22,1,,,,,,,,
"Micronesia, Federated States of",FSM,Halophila ovalis,23,1,,,,,,,,
"Micronesia, Federated States of",FSM,Syringodium isoetifolium,43,1,,,,,,,,
"Micronesia, Federated States of",FSM,Thalassia hemprichii,44,1,,,,,,,,
"Micronesia, Federated States of",FSM,Thalassodendron ciliatum,46,1,,,,,,,,
Monaco,MCO,Posidonia oceanica,38,1,,,,,,,,
Montenegro,MNE,Posidonia oceanica,38,1,,,,,,,,
Montserrat,MSR,Syringodium filiforme,42,1,,,,,,,,
Montserrat,MSR,Thalassia testudinum,45,1,,,,,,,,
Morocco,MAR,Cymodocea nodosa,4,1,,,,,,,,
Morocco,MAR,Posidonia oceanica,38,1,,,,,,,,
Morocco,MAR,Zostera subg. Zostera marina,54,1,,,,,,,,
Morocco,MAR,Zostera noltei,57,1,,,,,,,,
Mozambique,MOZ,Cymodocea rotundata,5,1,,,,,,,,
Mozambique,MOZ,Cymodocea serrulata,6,1,,,,,,,,
Mozambique,MOZ,Enhalus acoroides,7,1,,,,,,,,
Mozambique,MOZ,Halodule uninervis,12,1,,,,,,,,
Mozambique,MOZ,Halodule wrightii,13,1,,,,,,,,
Mozambique,MOZ,Halophila minor,22,1,,,,,,,,
Mozambique,MOZ,Halophila ovalis,23,1,,,,,,,,
Mozambique,MOZ,Halophila stipulacea,26,1,,,,,,,,
Mozambique,MOZ,Syringodium isoetifolium,43,1,,,,,,,,
Mozambique,MOZ,Thalassia hemprichii,44,1,,,,,,,,
Mozambique,MOZ,Thalassodendron ciliatum,46,1,,,,,,,,
Mozambique,MOZ,Zostera (Zosterella) capensis,50,1,,,,,,,,
Myanmar,MMR,Enhalus acoroides,7,1,,,,,,,,
Myanmar,MMR,Halodule uninervis,12,1,,,,,,,,
Myanmar,MMR,Halophila beccarii,16,1,,,,,,,,
Myanmar,MMR,Halophila decipiens,18,1,,,,,,,,
Myanmar,MMR,Halophila ovalis,23,1,,,,,,,,
Netherlands,NLD,Zostera subg. Zostera marina,54,1,,,,,,,,
Netherlands,NLD,Zostera noltei,57,1,,,,,,,,
Netherlands (Antillse),NLD,Halodule wrightii,13,1,,,,,,,,
Netherlands (Antillse),NLD,Halophila baillonis,15,1,,,,,,,,
Netherlands (Antillse),NLD,Halophila decipiens,18,1,,,,,,,,
Netherlands (Antillse),NLD,Syringodium filiforme,42,1,,,,,,,,
Netherlands (Antillse),NLD,Thalassia testudinum,45,1,,,,,,,,
New Caledonia,NCL,Cymodocea rotundata,5,1,,,,,,,,
New Caledonia,NCL,Cymodocea serrulata,6,1,,,,,,,,
New Caledonia,NCL,Enhalus acoroides,7,1,,,,,,,,
New Caledonia,NCL,Halodule pinifolia,11,1,,,,,,,,
New Caledonia,NCL,Halodule uninervis,12,1,,,,,,,,
New Caledonia,NCL,Halophila capricorni,17,1,,,,,,,,
New Caledonia,NCL,Halophila decipiens,18,1,,,,,,,,
New Caledonia,NCL,Halophila minor,22,1,,,,,,,,
New Caledonia,NCL,Halophila ovalis,23,1,,,,,,,,
New Caledonia,NCL,Syringodium isoetifolium,43,1,,,,,,,,
New Caledonia,NCL,Thalassia hemprichii,44,1,,,,,,,,
New Zealand,NZL,Zostera muelleri subsp. capricorni,51,1,,,,,,,,
New Zealand,NZL,Zostera novazelandica,58,1,,,,,,,,
New Zealand,NZL,Ruppia megacarpa,63,90,,,,,,,,
New Zealand,NZL,Ruppia tuberosa,64,90,,,,,,,,
Nicaragua,NIC,Halodule wrightii,13,1,,,,,,,,
Nicaragua,NIC,Syringodium filiforme,42,1,,,,,,,,
Nicaragua,NIC,Thalassia testudinum,45,1,,,,,,,,
Nigeria,NGA,Halodule wrightii,13,1,,,,,,,,
Northern Mariana Islands,MNP,Enhalus acoroides,7,1,,,,,,,,
Northern Mariana Islands,MNP,Halodule uninervis,12,1,,,,,,,,
Northern Mariana Islands,MNP,Halophila minor,22,1,,,,,,,,
Northern Mariana Islands,MNP,Halophila ovalis,23,1,,,,,,,,
Norway,NOR,Zostera subg. Zostera marina,54,1,,,,,,,,
Norway,NOR,Zostera noltei,57,1,,,,,,,,
Norway,NOR,Ruppia cirrhosa,62,90,,,,,,,,
Oman,OMN,Halodule uninervis,12,1,,,,,,,,
Oman,OMN,Halophila ovalis,23,1,,,,,,,,
Oman,OMN,Syringodium isoetifolium,43,1,,,,,,,,
Oman,OMN,Thalassodendron ciliatum,46,1,,,,,,,,
Palau,PLW,Cymodocea rotundata,5,1,,,,,,,,
Palau,PLW,Cymodocea serrulata,6,1,,,,,,,,
Palau,PLW,Enhalus acoroides,7,1,,,,,,,,
Palau,PLW,Halodule pinifolia,11,1,,,,,,,,
Palau,PLW,Halodule uninervis,12,1,,,,,,,,
Palau,PLW,Halophila minor,22,1,,,,,,,,
Palau,PLW,Halophila ovalis,23,1,,,,,,,,
Palau,PLW,Syringodium isoetifolium,43,1,,,,,,,,
Palau,PLW,Thalassia hemprichii,44,1,,,,,,,,
Palau,PLW,Thalassodendron ciliatum,46,1,,,,,,,,
Panama,PAN,Halodule wrightii,13,1,,,,,,,,
Panama,PAN,Halophila baillonis,15,1,,,,,,,,
Panama,PAN,Halophila decipiens,18,1,,,,,,,,
Panama,PAN,Syringodium filiforme,42,1,,,,,,,,
Panama,PAN,Thalassia testudinum,45,1,,,,,,,,
Papua New Guinea,PNG,Cymodocea rotundata,5,1,,,,,,,,
Papua New Guinea,PNG,Cymodocea serrulata,6,1,,,,,,,,
Papua New Guinea,PNG,Enhalus acoroides,7,1,,,,,,,,
Papua New Guinea,PNG,Halodule pinifolia,11,1,,,,,,,,
Papua New Guinea,PNG,Halodule uninervis,12,1,,,,,,,,
Papua New Guinea,PNG,Halophila decipiens,18,1,,,,,,,,
Papua New Guinea,PNG,Halophila minor,22,1,,,,,,,,
Papua New Guinea,PNG,Halophila ovalis,23,1,,,,,,,,
Papua New Guinea,PNG,Halophila ovata,24,1,,,,,,,,
Papua New Guinea,PNG,Syringodium isoetifolium,43,1,,,,,,,,
Papua New Guinea,PNG,Thalassia hemprichii,44,1,,,,,,,,
Papua New Guinea,PNG,Thalassodendron ciliatum,46,1,,,,,,,,
Peru,PER,Ruppia maritima,60,1,,,,,,,,
Peru,PER,Ruppia filifolia,61,90,,,,,,,,
Philippines,PHL,Cymodocea rotundata,5,1,,,,,,,,
Philippines,PHL,Cymodocea serrulata,6,1,,,,,,,,
Philippines,PHL,Enhalus acoroides,7,1,,,,,,,,
Philippines,PHL,Halodule pinifolia,11,1,,,,,,,,
Philippines,PHL,Halodule uninervis,12,1,,,,,,,,
Philippines,PHL,Halophila beccarii,16,1,,,,,,,,
Philippines,PHL,Halophila decipiens,18,1,,,,,,,,
Philippines,PHL,Halophila minor,22,1,,,,,,,,
Philippines,PHL,Halophila ovalis,23,1,,,,,,,,
Philippines,PHL,Halophila ovata,24,1,,,,,,,,
Philippines,PHL,Halophila spinulosa,25,1,,,,,,,,
Philippines,PHL,Syringodium isoetifolium,43,1,,,,,,,,
Philippines,PHL,Thalassia hemprichii,44,1,,,,,,,,
Philippines,PHL,Thalassodendron ciliatum,46,1,,,,,,,,
Poland,POL,Zostera subg. Zostera marina,54,1,,,,,,,,
Portugal,PRT,Cymodocea nodosa,4,1,,,,,,,,
Portugal,PRT,Zostera subg. Zostera marina,54,1,,,,,,,,
Portugal,PRT,Zostera noltei,57,1,,,,,,,,
Portugal,PRT,Ruppia cirrhosa,62,90,,,,,,,,
Puerto Rico,PRI,Halodule wrightii,13,1,,,,,,,,
Puerto Rico,PRI,Halophila baillonis,15,1,,, ,,,,,
Puerto Rico,PRI,Halophila decipiens,18,1,,,,,,,,
Puerto Rico,PRI,Halophila engelmannii,19,1,,,,,,,,
Puerto Rico,PRI,Syringodium filiforme,42,1,,,,,,,,
Puerto Rico,PRI,Thalassia testudinum,45,1,,,,,,,,
Qatar,QAT,Halodule uninervis,12,1,,,,,,,,
Qatar,QAT,Halophila ovalis,23,1,,,,,,,,
Qatar,QAT,Halophila stipulacea,26,1,,,,,,,,
Reunion,REU,Halophila stipulacea,26,1,,,,,,,,
Reunion,REU,Syringodium isoetifolium,43,1,,,,,,,,
Romania,ROU,Zostera subg. Zostera marina,54,1,,,,,,,,
Romania,ROU,Zostera noltei,57,1,,,,,,,,
Russian Federation,RUS,Phyllospadix iwatensis,28,1,,,,,,,,
Russian Federation,RUS,Zostera asiatica,48,1,,,,,,,,
Russian Federation,RUS,Zostera caulescens,52,1,,,,,,,,
Russian Federation,RUS,Zostera japonica,53,1,,,,,,,,
Russian Federation,RUS,Zostera subg. Zostera marina,54,1,,,,,,,,
Russian Federation,RUS,Zostera noltei,57,1,,,,,,,,
Saint Barthélemy,BLM,Halodule beaudettei,8,1,,,,,,,,
Saint Barthélemy,BLM,Halodule wrightii,13,1,,,,,,,,
Saint Barthélemy,BLM,Halophila baillonis,15,1,,,,,,,,
Saint Barthélemy,BLM,Halophila decipiens,18,1,,,,,,,,
Saint Barthélemy,BLM,Syringodium filiforme,42,1,,,,,,,,
Saint Barthélemy,BLM,Thalassia testudinum,45,1,,,,,,,,
"Saint Helena, Ascension and Tristan da Cunha  ",SHN,Halophila ovalis,23,1,,,,,,,,
"Saint Helena, Ascension and Tristan da Cunha  ",SHN,Zostera muelleri subsp. capricorni,51,1,,,,,,,,
Saint Kitts and Nevis,KNA,Syringodium filiforme,42,1,,,,,,,,
Saint Kitts and Nevis,KNA,Thalassia testudinum,45,1,,,,,,,,
Saint Lucia,LCA,Halophila decipiens,18,1,,,,,,,,
Saint Lucia,LCA,Halophila stipulacea,26,1,,,,,,,,
Saint Martin,MAF,Halodule beaudettei,8,1,,,,,,,,
Saint Martin,MAF,Halodule wrightii,13,1,,,,,,,,
Saint Martin,MAF,Halophila baillonis,15,1,,,,,,,,
Saint Martin,MAF,Halophila decipiens,18,1,,,,,,,,
Saint Martin,MAF,Syringodium filiforme,42,1,,,,,,,,
Saint Martin,MAF,Thalassia testudinum,45,1,,,,,,,,
Saint Martin,MAF,Thalassodendron ciliatum,46,1,,,,,,,,
Saint Martin,MAF,Ruppia maritima,60,1,,,,,,,,
Saint Vincent and the Grenadines,VCT,Halophila decipiens,18,1,,,,,,,,
Samoa,WSM,Cymodocea serrulata,6,1,,,,,,,,
Samoa,WSM,Halophila minor,22,1,,,,,, ,,
Samoa,WSM,Halophila ovalis,23,1,,,,,,,,
Samoa,WSM,Halophila ovata,24,1,,,,,,,,
Samoa,WSM,Syringodium isoetifolium,43,1,,,,,,,,
Sao Tome And Principe,STP,Halodule wrightii,13,1,, ,,,,,,
Saudi Arabia,SAU,Cymodocea rotundata,5,1,,,,,,,,
Saudi Arabia,SAU,Cymodocea serrulata,6,1,,,,,,,,
Saudi Arabia,SAU,Enhalus acoroides,7,1,,,,,,,,
Saudi Arabia,SAU,Halodule uninervis,12,1,,,,,,,,
Saudi Arabia,SAU,Halophila decipiens,18,1,,,,,,,,
Saudi Arabia,SAU,Halophila ovalis,23,1,,,,,,,,
Saudi Arabia,SAU,Halophila stipulacea,26,1,,,,,,,,
Saudi Arabia,SAU,Syringodium isoetifolium,43,1,,,,,,,,
Saudi Arabia,SAU,Thalassia hemprichii,44,1,,,,,,,,
Saudi Arabia,SAU,Thalassodendron ciliatum,46,1,,,,,,,,
Senegal,SEN,Cymodocea nodosa,4,1,,,,,,,,
Senegal,SEN,Halodule wrightii,13,1,,,,,,,,
Seychelles,SYC,Cymodocea rotundata,5,1,,,,,,,,
Seychelles,SYC,Cymodocea serrulata,6,1,,,,,,,,
Seychelles,SYC,Enhalus acoroides,7,1,,,,,,,,
Seychelles,SYC,Halodule uninervis,12,1,,,,,,,,
Seychelles,SYC,Halophila decipiens,18,1,,,,,,,,
Seychelles,SYC,Halophila ovalis,23,1,,,,,,,,
Seychelles,SYC,Syringodium isoetifolium,43,1,,,,,,,,
Seychelles,SYC,Thalassia hemprichii,44,1,,,,,,,,
Seychelles,SYC,Thalassodendron ciliatum,46,1,,,,,,,,
Sierra Leone,SLE,Cymodocea nodosa,4,1,,,,,,,,
Singapore,SGP,Cymodocea rotundata,5,1,,,,,,,,
Singapore,SGP,Cymodocea serrulata,6,1,,,,,,,,
Singapore,SGP,Enhalus acoroides,7,1,,,,,,,,
Singapore,SGP,Halodule pinifolia,11,1,,,,,,,,
Singapore,SGP,Halodule uninervis,12,1,,,,,,,,
Singapore,SGP,Halophila beccarii,16,1,,,,,,,,
Singapore,SGP,Halophila minor,22,1,,,,,,,,
Singapore,SGP,Halophila ovalis,23,1,,,,,,,,
Singapore,SGP,Halophila spinulosa,25,1,,,,,,,,
Singapore,SGP,Syringodium isoetifolium,43,1,,,,,,,,
Singapore,SGP,Thalassia hemprichii,44,1,,,,,,,,
Sint Maarten,SXM,Halophila stipulacea,26,1,,,,,,,,
Sint Maarten,SXM,Thalassia testudinum,45,1,,,,,,,,
Slovenia,SVN,Posidonia oceanica,38,1,,,,,,,,
Solomon Islands,SLB,Syringodium isoetifolium,43,1,,,,,,,,
Solomon Islands,SLB,Thalassia hemprichii,44,1,,,,,,,,
Solomon Islands,SLB,Thalassodendron ciliatum,46,1,,,,,,,,
Somalia,SOM,Halodule uninervis,12,1,,,,,,,,
Somalia,SOM,Halophila minor,22,1,,,, ,,,,
Somalia,SOM,Halophila ovalis,23,1,,,,,,,,
Somalia,SOM,Thalassia hemprichii,44,1,,,,,,,,
Somalia,SOM,Thalassodendron ciliatum,46,1,,,,,,,,
South Africa,ZAF,Halophila ovalis,23,1,,,,,,,,
South Africa,ZAF,Thalassodendron ciliatum,46,1,,,,,,,,
South Africa,ZAF,Zostera (Zosterella) capensis,50,1,,,,,,,,
South Africa,ZAF,Ruppia cirrhosa,62,90,,,,,,,,
Spain,ESP,Cymodocea nodosa,4,1,,,,,,,,
Spain,ESP,Halophila decipiens,18,1,,,,,,,,
Spain,ESP,Posidonia oceanica,38,1,,,,,,,,
Spain,ESP,Zostera subg. Zostera marina,54,1,,,,,,,,
Spain,ESP,Zostera noltei,57,1,,,,,,,,
Spain,ESP,Ruppia cirrhosa,62,90,,,,,,,,
Sri Lanka,LKA,Cymodocea serrulata,6,1,,,,,,,,
Sri Lanka,LKA,Enhalus acoroides,7,1,,,,,,,,
Sri Lanka,LKA,Halodule pinifolia,11,1,,,,,,,,
Sri Lanka,LKA,Halodule uninervis,12,1,,,,,,,,
Sri Lanka,LKA,Halophila beccarii,16,1,,,,,,,,
Sri Lanka,LKA,Halophila decipiens,18,1,,,,,,,,
Sri Lanka,LKA,Halophila ovalis,23,1,,,,,,,,
Sri Lanka,LKA,Syringodium isoetifolium,43,1,,,,,,,,
Sudan,SDN,Cymodocea serrulata,6,1,,,,,,,,
Sudan,SDN,Halodule uninervis,12,1,,,,,,,,
Sudan,SDN,Halophila ovalis,23,1,,,,,,,,
Sudan,SDN,Halophila stipulacea,26,1,,, ,,,,,
Sudan,SDN,Syringodium isoetifolium,43,1,,,, ,,,,
Sudan,SDN,Thalassia hemprichii,44,1,,,,,,,,
Sudan,SDN,Thalassodendron ciliatum,46,1,,,,,,,,
Sweden,SWE,Zostera subg. Zostera marina,54,1,,,,,,,,
Sweden,SWE,Zostera noltei,57,1,,,,,,,,
Syrian Arab Republic,SYR,Cymodocea nodosa,4,1,,,,,,,,
Syrian Arab Republic,SYR,Halophila stipulacea,26,1,,,,,,,,
Syrian Arab Republic,SYR,Posidonia oceanica,38,1,,,,,,,,
Syrian Arab Republic,SYR,Zostera noltei,57,1,,,,,,,,
"Taiwan, Province of China ",TWN,Cymodocea rotundata,5,1,,,,,,,,
"Taiwan, Province of China ",TWN,Cymodocea serrulata,6,1,,,,,,,,
"Taiwan, Province of China ",TWN,Halodule uninervis,12,1,,,,,,,,
"Taiwan, Province of China ",TWN,Halophila ovalis,23,1,,,,,,,,
"Taiwan, Province of China ",TWN,Syringodium isoetifolium,43,1,,,,,,,,
"Taiwan, Province of China ",TWN,Thalassia hemprichii,44,1,,,,,,,,
"Taiwan, Province of China ",TWN,Thalassodendron ciliatum,46,1,,,,,,,,
"Tanzania, United Republic of",TZA,Cymodocea rotundata,5,1,,,,,,,,
"Tanzania, United Republic of",TZA,Cymodocea serrulata,6,1,,,,,,,,
"Tanzania, United Republic of",TZA,Enhalus acoroides,7,1,,,,,,,,
"Tanzania, United Republic of",TZA,Halodule uninervis,12,1,,,,,,,,
"Tanzania, United Republic of",TZA,Halodule wrightii,13,1,,,,,,,,
"Tanzania, United Republic of",TZA,Halophila minor,22,1,,,,,,,,
"Tanzania, United Republic of",TZA,Halophila ovalis,23,1,,,,,,,,
"Tanzania, United Republic of",TZA,Halophila stipulacea,26,1,,,,,,,,
"Tanzania, United Republic of",TZA,Syringodium isoetifolium,43,1,,,,,,,,
"Tanzania, United Republic of",TZA,Thalassia hemprichii,44,1,,,,,,,,
"Tanzania, United Republic of",TZA,Thalassodendron ciliatum,46,1,,,,,,,,
"Tanzania, United Republic of",TZA,Zostera (Zosterella) capensis,50,1,,,,,,,,
Thailand,THA,Cymodocea rotundata,5,1, ,,,,,,,
Thailand,THA,Cymodocea serrulata,6,1,,,,,,,,
Thailand,THA,Enhalus acoroides,7,1,,,,,,,,
Thailand,THA,Halodule pinifolia,11,1,,,,,,,,
Thailand,THA,Halodule uninervis,12,1,,,,, ,,,
Thailand,THA,Halophila beccarii,16,1,,,,,,,,
Thailand,THA,Halophila decipiens,18,1,,,,,,,,
Thailand,THA,Halophila minor,22,1,,,,,,,,
Thailand,THA,Halophila ovalis,23,1,,,,,,,,
Thailand,THA,Syringodium isoetifolium,43,1,,,,,,,,
Thailand,THA,Thalassia hemprichii,44,1,,,,,,,,
Timor-Leste,TLS,Cymodocea serrulata,6,1,,,,,,,,
Timor-Leste,TLS,Enhalus acoroides,7,1,,,,,,,,
Timor-Leste,TLS,Halophila ovalis,23,1,,,,,,,,
Timor-Leste,TLS,Halophila ovata,24,1,,,,,,,,
Timor-Leste,TLS,Syringodium isoetifolium,43,1,,,,,,,,
Timor-Leste,TLS,Thalassodendron ciliatum,46,1,,,,,,,,
Togo,TGO,Halodule wrightii,13,1,,,,,,,,
Tonga,TON,Halodule uninervis,12,1,,,,,,,,
Tonga,TON,Halophila ovalis,23,1,,,,,,,,
Tonga,TON,Syringodium isoetifolium,43,1,,,,,,,,
Trinidad And Tobago,TTO,Halodule wrightii,13,1,,,,,,,,
Trinidad And Tobago,TTO,Halophila decipiens,18,1,,,,,,,,
Trinidad And Tobago,TTO,Syringodium filiforme,42,1,,,,,,,,
Trinidad And Tobago,TTO,Thalassia testudinum,45,1,,,,,,,,
Tunisia,TUN,Cymodocea nodosa,4,1,,,,,,,,
Tunisia,TUN,Posidonia oceanica,38,1,,,,,,,,
Tunisia,TUN,Zostera subg. Zostera marina,54,1,,,,,,,,
Tunisia,TUN,Zostera noltei,57,1,,,,,,,,
Tunisia,TUN,Ruppia cirrhosa,62,90,,,,,,,,
Turkey,TUR,Cymodocea nodosa,4,1,,,,,,,,
Turkey,TUR,Halophila stipulacea,26,1,,,,,,,,
Turkey,TUR,Posidonia oceanica,38,1,,,,,,,,
Turkey,TUR,Zostera subg. Zostera marina,54,1,,,,,,,,
Turkey,TUR,Zostera noltei,57,1,,,,,,,,
Turkmenistan,TKM,Zostera noltei,57,1,,,,,,,,
Turks and Caicos Islands,TCA,Halodule wrightii,13,1,,,,,,,,
Turks and Caicos Islands,TCA,Syringodium filiforme,42,1,,,,,,,,
Tuvalu,TUV,Halophila ovalis,23,1,,,,,,,,
Ukraine,UKR,Zostera subg. Zostera marina,54,1,,,,,,,,
Ukraine,UKR,Zostera noltei,57,1,,,,,,,,
United Arab Emirates,ARE,Halodule uninervis,12,1,,,,,,,,
United Arab Emirates,ARE,Halophila ovalis,23,1,,,,,,,,
United Arab Emirates,ARE,Halophila stipulacea,26,1,,,,,,,,
United Kingdom of Great Britain and Northern Ireland,GBR,Zostera subg. Zostera marina,54,1,,,,,,,,
United Kingdom of Great Britain and Northern Ireland,GBR,Zostera noltei,57,1,,,,,,,,
United States Minor Outlying Islands,UMI,Cymodocea rotundata,5,1,,,,,,,,
United States Minor Outlying Islands,UMI,Cymodocea serrulata,6,1,,,,,,,,
United States Minor Outlying Islands,UMI,Enhalus acoroides,7,1,,,,,,,,
United States Minor Outlying Islands,UMI,Halodule pinifolia,11,1,,,,,,,,
United States Minor Outlying Islands,UMI,Halodule uninervis,12,1,,,,,,,,
United States Minor Outlying Islands,UMI,Halophila decipiens,18,1,,,,,,,,
United States Minor Outlying Islands,UMI,Halophila hawaiiana,20,1,,,,,,,,
United States Minor Outlying Islands,UMI,Halophila minor,22,1,,,,,,,,
United States Minor Outlying Islands,UMI,Halophila ovalis,23,1,,,,,,,,
United States Minor Outlying Islands,UMI,Syringodium isoetifolium,43,1,,,,,,,,
United States Minor Outlying Islands,UMI,Thalassia hemprichii,44,1,,,,,,,,
United States of America,USA,Cymodocea rotundata,5,1,,,,,,,,
United States of America,USA,Cymodocea serrulata,6,1,,,,,,,,
United States of America,USA,Enhalus acoroides,7,1,,,,,,,,
United States of America,USA,Halodule pinifolia,11,1,,,,,,,,
United States of America,USA,Halodule uninervis,12,1,,,,,,,,
United States of America,USA,Halodule wrightii,13,1,,,,,,,,
United States of America,USA,Halophila baillonis,15,1,,,,,,,,
United States of America,USA,Halophila decipiens,18,1,,,,,,,,
United States of America,USA,Halophila engelmannii,19,1,,,,,,,,
United States of America,USA,Halophila hawaiiana,20,1,,,,,,,,
United States of America,USA,Halophila johnsonii,21,1,,,,,,,,
United States of America,USA,Halophila minor,22,1,,,,,,,,
United States of America,USA,Halophila ovalis,23,1,,,,,,,,
United States of America,USA,Phyllospadix scouleri,30,1,,,,,,,,
United States of America,USA,Phyllospadix serrulatus,31,1,,,,,,,,
United States of America,USA,Phyllospadix torreyi,32,1,,,,,,,,
United States of America,USA,Syringodium filiforme,42,1,,,,,,,,
United States of America,USA,Syringodium isoetifolium,43,1,,,,,,,,
United States of America,USA,Thalassia hemprichii,44,1,,,,,,,,
United States of America,USA,Thalassia testudinum,45,1,,,,,,,,
United States of America,USA,Zostera asiatica,48,1,,,,,,,,
United States of America,USA,Zostera japonica,53,1,,,,,,,,
United States of America,USA,Zostera subg. Zostera marina,54,1,,,,,,,,
US Virgin Islands,VIR,Halodule wrightii,13,1,,,,,,,,
US Virgin Islands,VIR,Halophila decipiens,18,1,,,,,,,,
US Virgin Islands,VIR,Syringodium filiforme,42,1,,,,,,,,
US Virgin Islands,VIR,Thalassia testudinum,45,1,,,,,,,,
Vanuatu,VUT,Cymodocea rotundata,5,1,,,,,,,,
Vanuatu,VUT,Cymodocea serrulata,6,1,,,,,,,,
Vanuatu,VUT,Enhalus acoroides,7,1,,,,,,,,
Vanuatu,VUT,Halodule pinifolia,11,1,,,,,,,,
Vanuatu,VUT,Halodule uninervis,12,1,,,,,,,,
Vanuatu,VUT,Halophila decipiens,18,1,,,,,,,,
Vanuatu,VUT,Halophila minor,22,1,,,,,,,,
Vanuatu,VUT,Halophila ovalis,23,1,,,,,,,,
Vanuatu,VUT,Syringodium isoetifolium,43,1,,,,,,,,
Vanuatu,VUT,Thalassia hemprichii,44,1,,,,,,,,
Vanuatu,VUT,Thalassodendron ciliatum,46,1,,,,,,,,
Vanuatu,VUT,Zostera muelleri subsp. capricorni,51,1,,,,,,,,
Venezuela (Bolivarian Republic of),VEN,Halodule wrightii,13,1,,,,,,,,
Venezuela (Bolivarian Republic of),VEN,Halophila baillonis,15,1,, ,,,,,,
Venezuela (Bolivarian Republic of),VEN,Halophila decipiens,18,1,,,,,,,,
Venezuela (Bolivarian Republic of),VEN,Halophila engelmannii,19,1,,,,,,,,
Venezuela (Bolivarian Republic of),VEN,Syringodium filiforme,42,1,,,,,,,,
Venezuela (Bolivarian Republic of),VEN,Thalassia testudinum,45,1,,,,,,,,
Viet Nam,VNM,Cymodocea serrulata,6,1,,,,,,,,
Viet Nam,VNM,Enhalus acoroides,7,1,,,,,,,,
Viet Nam,VNM,Halodule pinifolia,11,1,,,,,,,,
Viet Nam,VNM,Halodule uninervis,12,1,,,,,,,,
Viet Nam,VNM,Halophila beccarii,16,1,,,,,,,,
Viet Nam,VNM,Halophila minor,22,1,,,,,,,,
Viet Nam,VNM,Halophila ovalis,23,1,,,,,,,,
Viet Nam,VNM,Syringodium isoetifolium,43,1,,,,,,,,
Viet Nam,VNM,Thalassia hemprichii,44,1,,,,,,,,
Viet Nam,VNM,Thalassodendron ciliatum,46,1,,,,,,,,
Viet Nam,VNM,Zostera japonica,53,1,,,,,,,,
Wallis and Futuna,WLF,Halodule pinifolia,11,1,,,,,,,,
Wallis and Futuna,WLF,Halophila ovalis,23,1,,,,,,,,
Wallis and Futuna,WLF,Syringodium isoetifolium,43,1,,,,, ,,,
Western Sahara,ESH,Cymodocea nodosa,4,1,,,,,,,,
Western Sahara,ESH,Halophila decipiens,18,1,,,,,,,,
Yemen,YEM,Cymodocea rotundata,5,1,,,,,,,,
Yemen,YEM,Cymodocea serrulata,6,1,,,,,,,,
Yemen,YEM,Enhalus acoroides,7,1,,,,,,,,
Yemen,YEM,Halodule uninervis,12,1,,,,,,,,
Yemen,YEM,Halophila ovalis,23,1,,,,,,,,
Yemen,YEM,Halophila stipulacea,26,1,,,,,,,,
Yemen,YEM,Syringodium isoetifolium,43,1,,,,,,,,
Yemen,YEM,Thalassia hemprichii,44,1,,,,,,,,
Yemen,YEM,Thalassodendron ciliatum,46,1,,,,,,,,
